{
    "match_id": "2058010",
    "label_match": "Uruguay - France, 0 - 2",
    "info": "DiGraph named 'France' with 14 nodes and 96 edges",
    "density": 0.5274725274725275,
    "degree": {
        "R. Varane": 16,
        "B. Pavard": 18,
        "K. Mbapp\u00e9": 10,
        "A. Griezmann": 19,
        "N. Kant\u00e9": 18,
        "O. Giroud": 16,
        "S. Umtiti": 14,
        "L. Hern\u00e1ndez": 15,
        "C. Tolisso": 16,
        "P. Pogba": 21,
        "H. Lloris": 10,
        "S. N'Zonzi": 13,
        "O. Demb\u00e9l\u00e9": 4,
        "N. Fekir": 2
    },
    "avarage_degree": 13.714285714285714,
    "in_degree": {
        "R. Varane": 8,
        "B. Pavard": 10,
        "K. Mbapp\u00e9": 5,
        "A. Griezmann": 9,
        "N. Kant\u00e9": 9,
        "O. Giroud": 9,
        "S. Umtiti": 6,
        "L. Hern\u00e1ndez": 8,
        "C. Tolisso": 8,
        "P. Pogba": 11,
        "H. Lloris": 3,
        "S. N'Zonzi": 6,
        "O. Demb\u00e9l\u00e9": 3,
        "N. Fekir": 1
    },
    "out_degree": {
        "R. Varane": 8,
        "B. Pavard": 8,
        "K. Mbapp\u00e9": 5,
        "A. Griezmann": 10,
        "N. Kant\u00e9": 9,
        "O. Giroud": 7,
        "S. Umtiti": 8,
        "L. Hern\u00e1ndez": 7,
        "C. Tolisso": 8,
        "P. Pogba": 10,
        "H. Lloris": 7,
        "S. N'Zonzi": 7,
        "O. Demb\u00e9l\u00e9": 1,
        "N. Fekir": 1
    },
    "degree_centrality": {
        "R. Varane": 1.2307692307692308,
        "B. Pavard": 1.3846153846153846,
        "K. Mbapp\u00e9": 0.7692307692307693,
        "A. Griezmann": 1.4615384615384617,
        "N. Kant\u00e9": 1.3846153846153846,
        "O. Giroud": 1.2307692307692308,
        "S. Umtiti": 1.076923076923077,
        "L. Hern\u00e1ndez": 1.153846153846154,
        "C. Tolisso": 1.2307692307692308,
        "P. Pogba": 1.6153846153846154,
        "H. Lloris": 0.7692307692307693,
        "S. N'Zonzi": 1.0,
        "O. Demb\u00e9l\u00e9": 0.3076923076923077,
        "N. Fekir": 0.15384615384615385
    },
    "avarage_degree_centrality": 1.054945054945055,
    "in_degree_centrality": {
        "R. Varane": 0.6153846153846154,
        "B. Pavard": 0.7692307692307693,
        "K. Mbapp\u00e9": 0.38461538461538464,
        "A. Griezmann": 0.6923076923076923,
        "N. Kant\u00e9": 0.6923076923076923,
        "O. Giroud": 0.6923076923076923,
        "S. Umtiti": 0.46153846153846156,
        "L. Hern\u00e1ndez": 0.6153846153846154,
        "C. Tolisso": 0.6153846153846154,
        "P. Pogba": 0.8461538461538463,
        "H. Lloris": 0.23076923076923078,
        "S. N'Zonzi": 0.46153846153846156,
        "O. Demb\u00e9l\u00e9": 0.23076923076923078,
        "N. Fekir": 0.07692307692307693
    },
    "out_degree_centrality": {
        "R. Varane": 0.6153846153846154,
        "B. Pavard": 0.6153846153846154,
        "K. Mbapp\u00e9": 0.38461538461538464,
        "A. Griezmann": 0.7692307692307693,
        "N. Kant\u00e9": 0.6923076923076923,
        "O. Giroud": 0.5384615384615385,
        "S. Umtiti": 0.6153846153846154,
        "L. Hern\u00e1ndez": 0.5384615384615385,
        "C. Tolisso": 0.6153846153846154,
        "P. Pogba": 0.7692307692307693,
        "H. Lloris": 0.5384615384615385,
        "S. N'Zonzi": 0.5384615384615385,
        "O. Demb\u00e9l\u00e9": 0.07692307692307693,
        "N. Fekir": 0.07692307692307693
    },
    "closeness_centrality": {
        "R. Varane": 0.6842105263157895,
        "B. Pavard": 0.7647058823529411,
        "K. Mbapp\u00e9": 0.5909090909090909,
        "A. Griezmann": 0.7647058823529411,
        "N. Kant\u00e9": 0.7647058823529411,
        "O. Giroud": 0.7647058823529411,
        "S. Umtiti": 0.6190476190476191,
        "L. Hern\u00e1ndez": 0.7222222222222222,
        "C. Tolisso": 0.7222222222222222,
        "P. Pogba": 0.8666666666666667,
        "H. Lloris": 0.52,
        "S. N'Zonzi": 0.65,
        "O. Demb\u00e9l\u00e9": 0.5652173913043478,
        "N. Fekir": 0.37142857142857144
    },
    "betweenness_centrality": {
        "R. Varane": 0.052411477411477406,
        "B. Pavard": 0.06647588522588523,
        "K. Mbapp\u00e9": 0.0027854090354090355,
        "A. Griezmann": 0.0583028083028083,
        "N. Kant\u00e9": 0.026533882783882783,
        "O. Giroud": 0.0341498778998779,
        "S. Umtiti": 0.06022588522588523,
        "L. Hern\u00e1ndez": 0.0895528083028083,
        "C. Tolisso": 0.017345848595848593,
        "P. Pogba": 0.14153693528693526,
        "H. Lloris": 0.08259310134310134,
        "S. N'Zonzi": 0.020863858363858363,
        "O. Demb\u00e9l\u00e9": 0.0010683760683760683,
        "N. Fekir": 0.0
    },
    "pagerank": {
        "R. Varane": 0.05090432773095588,
        "B. Pavard": 0.1423986258509363,
        "K. Mbapp\u00e9": 0.06329694576949715,
        "A. Griezmann": 0.12682988743908416,
        "N. Kant\u00e9": 0.09422715364793743,
        "O. Giroud": 0.055213541224834656,
        "S. Umtiti": 0.044543577453984046,
        "L. Hern\u00e1ndez": 0.09764811220070357,
        "C. Tolisso": 0.09218190287945967,
        "P. Pogba": 0.13981605837746441,
        "H. Lloris": 0.030207139176164945,
        "S. N'Zonzi": 0.03250958362153161,
        "O. Demb\u00e9l\u00e9": 0.017369201334094548,
        "N. Fekir": 0.012853943293351471
    },
    "edge_connectivity": 1,
    "max-k-core": 12,
    "clustering_coefficient": {
        "R. Varane": 0.6956521739130435,
        "B. Pavard": 0.6413793103448275,
        "K. Mbapp\u00e9": 0.85,
        "A. Griezmann": 0.6104294478527608,
        "N. Kant\u00e9": 0.7241379310344828,
        "O. Giroud": 0.7149122807017544,
        "S. Umtiti": 0.6395348837209303,
        "L. Hern\u00e1ndez": 0.7070707070707071,
        "C. Tolisso": 0.7433628318584071,
        "P. Pogba": 0.5495049504950495,
        "H. Lloris": 0.627906976744186,
        "S. N'Zonzi": 0.668918918918919,
        "O. Demb\u00e9l\u00e9": 0.9166666666666666,
        "N. Fekir": 0.5
    },
    "avarage_clustering_coefficient": 0.684962648522981,
    "max clique number": 13,
    "triangles for node": {
        "R. Varane": 43,
        "B. Pavard": 36,
        "K. Mbapp\u00e9": 10,
        "A. Griezmann": 38,
        "N. Kant\u00e9": 39,
        "O. Giroud": 37,
        "S. Umtiti": 31,
        "L. Hern\u00e1ndez": 29,
        "C. Tolisso": 32,
        "P. Pogba": 47,
        "H. Lloris": 21,
        "S. N'Zonzi": 29,
        "O. Demb\u00e9l\u00e9": 6,
        "N. Fekir": 1
    },
    "number_of_triangles": 399,
    "transitivity": 0.779296875
}