{
    "match_id": "2057966",
    "label_match": "France - Australia, 2 - 1",
    "info": "DiGraph named 'France' with 14 nodes and 104 edges",
    "density": 0.5714285714285714,
    "degree": {
        "C. Tolisso": 21,
        "B. Pavard": 15,
        "R. Varane": 19,
        "H. Lloris": 8,
        "S. Umtiti": 19,
        "P. Pogba": 23,
        "A. Griezmann": 15,
        "N. Kant\u00e9": 18,
        "L. Hern\u00e1ndez": 20,
        "O. Demb\u00e9l\u00e9": 12,
        "K. Mbapp\u00e9": 17,
        "N. Fekir": 7,
        "B. Matuidi": 9,
        "O. Giroud": 5
    },
    "avarage_degree": 14.857142857142858,
    "in_degree": {
        "C. Tolisso": 11,
        "B. Pavard": 8,
        "R. Varane": 10,
        "H. Lloris": 4,
        "S. Umtiti": 9,
        "P. Pogba": 11,
        "A. Griezmann": 7,
        "N. Kant\u00e9": 9,
        "L. Hern\u00e1ndez": 9,
        "O. Demb\u00e9l\u00e9": 6,
        "K. Mbapp\u00e9": 8,
        "N. Fekir": 4,
        "B. Matuidi": 5,
        "O. Giroud": 3
    },
    "out_degree": {
        "C. Tolisso": 10,
        "B. Pavard": 7,
        "R. Varane": 9,
        "H. Lloris": 4,
        "S. Umtiti": 10,
        "P. Pogba": 12,
        "A. Griezmann": 8,
        "N. Kant\u00e9": 9,
        "L. Hern\u00e1ndez": 11,
        "O. Demb\u00e9l\u00e9": 6,
        "K. Mbapp\u00e9": 9,
        "N. Fekir": 3,
        "B. Matuidi": 4,
        "O. Giroud": 2
    },
    "degree_centrality": {
        "C. Tolisso": 1.6153846153846154,
        "B. Pavard": 1.153846153846154,
        "R. Varane": 1.4615384615384617,
        "H. Lloris": 0.6153846153846154,
        "S. Umtiti": 1.4615384615384617,
        "P. Pogba": 1.7692307692307694,
        "A. Griezmann": 1.153846153846154,
        "N. Kant\u00e9": 1.3846153846153846,
        "L. Hern\u00e1ndez": 1.5384615384615385,
        "O. Demb\u00e9l\u00e9": 0.9230769230769231,
        "K. Mbapp\u00e9": 1.3076923076923077,
        "N. Fekir": 0.5384615384615385,
        "B. Matuidi": 0.6923076923076923,
        "O. Giroud": 0.38461538461538464
    },
    "avarage_degree_centrality": 1.142857142857143,
    "in_degree_centrality": {
        "C. Tolisso": 0.8461538461538463,
        "B. Pavard": 0.6153846153846154,
        "R. Varane": 0.7692307692307693,
        "H. Lloris": 0.3076923076923077,
        "S. Umtiti": 0.6923076923076923,
        "P. Pogba": 0.8461538461538463,
        "A. Griezmann": 0.5384615384615385,
        "N. Kant\u00e9": 0.6923076923076923,
        "L. Hern\u00e1ndez": 0.6923076923076923,
        "O. Demb\u00e9l\u00e9": 0.46153846153846156,
        "K. Mbapp\u00e9": 0.6153846153846154,
        "N. Fekir": 0.3076923076923077,
        "B. Matuidi": 0.38461538461538464,
        "O. Giroud": 0.23076923076923078
    },
    "out_degree_centrality": {
        "C. Tolisso": 0.7692307692307693,
        "B. Pavard": 0.5384615384615385,
        "R. Varane": 0.6923076923076923,
        "H. Lloris": 0.3076923076923077,
        "S. Umtiti": 0.7692307692307693,
        "P. Pogba": 0.9230769230769231,
        "A. Griezmann": 0.6153846153846154,
        "N. Kant\u00e9": 0.6923076923076923,
        "L. Hern\u00e1ndez": 0.8461538461538463,
        "O. Demb\u00e9l\u00e9": 0.46153846153846156,
        "K. Mbapp\u00e9": 0.6923076923076923,
        "N. Fekir": 0.23076923076923078,
        "B. Matuidi": 0.3076923076923077,
        "O. Giroud": 0.15384615384615385
    },
    "closeness_centrality": {
        "C. Tolisso": 0.8666666666666667,
        "B. Pavard": 0.7222222222222222,
        "R. Varane": 0.8125,
        "H. Lloris": 0.5909090909090909,
        "S. Umtiti": 0.7647058823529411,
        "P. Pogba": 0.8666666666666667,
        "A. Griezmann": 0.6842105263157895,
        "N. Kant\u00e9": 0.7647058823529411,
        "L. Hern\u00e1ndez": 0.7647058823529411,
        "O. Demb\u00e9l\u00e9": 0.65,
        "K. Mbapp\u00e9": 0.7222222222222222,
        "N. Fekir": 0.5909090909090909,
        "B. Matuidi": 0.6190476190476191,
        "O. Giroud": 0.5652173913043478
    },
    "betweenness_centrality": {
        "C. Tolisso": 0.06262973137973138,
        "B. Pavard": 0.0344551282051282,
        "R. Varane": 0.054242979242979245,
        "H. Lloris": 0.002747252747252747,
        "S. Umtiti": 0.06148504273504273,
        "P. Pogba": 0.10472374847374848,
        "A. Griezmann": 0.007982295482295482,
        "N. Kant\u00e9": 0.023313492063492064,
        "L. Hern\u00e1ndez": 0.08659188034188034,
        "O. Demb\u00e9l\u00e9": 0.004067460317460317,
        "K. Mbapp\u00e9": 0.05695970695970696,
        "N. Fekir": 0.0,
        "B. Matuidi": 0.0008012820512820513,
        "O. Giroud": 0.0
    },
    "pagerank": {
        "C. Tolisso": 0.1230588578590515,
        "B. Pavard": 0.12015213631045701,
        "R. Varane": 0.10123976438411314,
        "H. Lloris": 0.034470112048008344,
        "S. Umtiti": 0.10019560944536973,
        "P. Pogba": 0.1149417876385771,
        "A. Griezmann": 0.03820263235375937,
        "N. Kant\u00e9": 0.09873586627497895,
        "L. Hern\u00e1ndez": 0.09208440419083005,
        "O. Demb\u00e9l\u00e9": 0.0416679652354921,
        "K. Mbapp\u00e9": 0.058402284253109234,
        "N. Fekir": 0.02579612298263012,
        "B. Matuidi": 0.03397219667237357,
        "O. Giroud": 0.01708026035125005
    },
    "edge_connectivity": 2,
    "max-k-core": 12,
    "clustering_coefficient": {
        "C. Tolisso": 0.655,
        "B. Pavard": 0.6666666666666666,
        "R. Varane": 0.6319018404907976,
        "H. Lloris": 0.72,
        "S. Umtiti": 0.6503067484662577,
        "P. Pogba": 0.5867768595041323,
        "A. Griezmann": 0.8673469387755102,
        "N. Kant\u00e9": 0.7793103448275862,
        "L. Hern\u00e1ndez": 0.5911602209944752,
        "O. Demb\u00e9l\u00e9": 0.8790322580645161,
        "K. Mbapp\u00e9": 0.6615384615384615,
        "N. Fekir": 0.9210526315789473,
        "B. Matuidi": 0.9090909090909091,
        "O. Giroud": 1.0
    },
    "avarage_clustering_coefficient": 0.7513702771427329,
    "max clique number": 15,
    "triangles for node": {
        "C. Tolisso": 40,
        "B. Pavard": 25,
        "R. Varane": 36,
        "H. Lloris": 8,
        "S. Umtiti": 37,
        "P. Pogba": 44,
        "A. Griezmann": 25,
        "N. Kant\u00e9": 37,
        "L. Hern\u00e1ndez": 37,
        "O. Demb\u00e9l\u00e9": 25,
        "K. Mbapp\u00e9": 35,
        "N. Fekir": 9,
        "B. Matuidi": 14,
        "O. Giroud": 6
    },
    "number_of_triangles": 378,
    "transitivity": 0.7283236994219653
}