{
    "match_id": "2058010",
    "label_match": "Uruguay - France, 0 - 2",
    "info": "DiGraph named 'France' with 12 nodes and 58 edges",
    "density": 0.4393939393939394,
    "degree": {
        "R. Varane": 13,
        "B. Pavard": 14,
        "K. Mbapp\u00e9": 6,
        "N. Kant\u00e9": 14,
        "O. Giroud": 13,
        "S. Umtiti": 13,
        "L. Hern\u00e1ndez": 11,
        "C. Tolisso": 12,
        "H. Lloris": 8,
        "S. N'Zonzi": 9,
        "O. Demb\u00e9l\u00e9": 2,
        "N. Fekir": 1
    },
    "avarage_degree": 9.666666666666666,
    "in_degree": {
        "R. Varane": 6,
        "B. Pavard": 8,
        "K. Mbapp\u00e9": 3,
        "N. Kant\u00e9": 7,
        "O. Giroud": 7,
        "S. Umtiti": 6,
        "L. Hern\u00e1ndez": 6,
        "C. Tolisso": 6,
        "H. Lloris": 3,
        "S. N'Zonzi": 4,
        "O. Demb\u00e9l\u00e9": 1,
        "N. Fekir": 1
    },
    "out_degree": {
        "R. Varane": 7,
        "B. Pavard": 6,
        "K. Mbapp\u00e9": 3,
        "N. Kant\u00e9": 7,
        "O. Giroud": 6,
        "S. Umtiti": 7,
        "L. Hern\u00e1ndez": 5,
        "C. Tolisso": 6,
        "H. Lloris": 5,
        "S. N'Zonzi": 5,
        "O. Demb\u00e9l\u00e9": 1,
        "N. Fekir": 0
    },
    "degree_centrality": {
        "R. Varane": 1.1818181818181819,
        "B. Pavard": 1.2727272727272727,
        "K. Mbapp\u00e9": 0.5454545454545454,
        "N. Kant\u00e9": 1.2727272727272727,
        "O. Giroud": 1.1818181818181819,
        "S. Umtiti": 1.1818181818181819,
        "L. Hern\u00e1ndez": 1.0,
        "C. Tolisso": 1.0909090909090908,
        "H. Lloris": 0.7272727272727273,
        "S. N'Zonzi": 0.8181818181818182,
        "O. Demb\u00e9l\u00e9": 0.18181818181818182,
        "N. Fekir": 0.09090909090909091
    },
    "avarage_degree_centrality": 0.8787878787878788,
    "in_degree_centrality": {
        "R. Varane": 0.5454545454545454,
        "B. Pavard": 0.7272727272727273,
        "K. Mbapp\u00e9": 0.2727272727272727,
        "N. Kant\u00e9": 0.6363636363636364,
        "O. Giroud": 0.6363636363636364,
        "S. Umtiti": 0.5454545454545454,
        "L. Hern\u00e1ndez": 0.5454545454545454,
        "C. Tolisso": 0.5454545454545454,
        "H. Lloris": 0.2727272727272727,
        "S. N'Zonzi": 0.36363636363636365,
        "O. Demb\u00e9l\u00e9": 0.09090909090909091,
        "N. Fekir": 0.09090909090909091
    },
    "out_degree_centrality": {
        "R. Varane": 0.6363636363636364,
        "B. Pavard": 0.5454545454545454,
        "K. Mbapp\u00e9": 0.2727272727272727,
        "N. Kant\u00e9": 0.6363636363636364,
        "O. Giroud": 0.5454545454545454,
        "S. Umtiti": 0.6363636363636364,
        "L. Hern\u00e1ndez": 0.4545454545454546,
        "C. Tolisso": 0.5454545454545454,
        "H. Lloris": 0.4545454545454546,
        "S. N'Zonzi": 0.4545454545454546,
        "O. Demb\u00e9l\u00e9": 0.09090909090909091,
        "N. Fekir": 0.0
    },
    "closeness_centrality": {
        "R. Varane": 0.606060606060606,
        "B. Pavard": 0.6993006993006993,
        "K. Mbapp\u00e9": 0.5050505050505051,
        "N. Kant\u00e9": 0.6993006993006993,
        "O. Giroud": 0.6993006993006993,
        "S. Umtiti": 0.6493506493506493,
        "L. Hern\u00e1ndez": 0.6493506493506493,
        "C. Tolisso": 0.6493506493506493,
        "H. Lloris": 0.5050505050505051,
        "S. N'Zonzi": 0.5681818181818181,
        "O. Demb\u00e9l\u00e9": 0.3787878787878788,
        "N. Fekir": 0.3793103448275862
    },
    "betweenness_centrality": {
        "R. Varane": 0.06742424242424243,
        "B. Pavard": 0.11242424242424243,
        "K. Mbapp\u00e9": 0.0018181818181818182,
        "N. Kant\u00e9": 0.05045454545454545,
        "O. Giroud": 0.06909090909090909,
        "S. Umtiti": 0.10166666666666667,
        "L. Hern\u00e1ndez": 0.10939393939393939,
        "C. Tolisso": 0.021666666666666664,
        "H. Lloris": 0.09727272727272726,
        "S. N'Zonzi": 0.09378787878787878,
        "O. Demb\u00e9l\u00e9": 0.0022727272727272726,
        "N. Fekir": 0.0
    },
    "pagerank": {
        "R. Varane": 0.09085012548558834,
        "B. Pavard": 0.1529987546827589,
        "K. Mbapp\u00e9": 0.08131476769246919,
        "N. Kant\u00e9": 0.14165495781188767,
        "O. Giroud": 0.08065067820840692,
        "S. Umtiti": 0.07565578242851903,
        "L. Hern\u00e1ndez": 0.11383022446090331,
        "C. Tolisso": 0.13263627499729674,
        "H. Lloris": 0.05293660554042544,
        "S. N'Zonzi": 0.04093778706331209,
        "O. Demb\u00e9l\u00e9": 0.017700401627379812,
        "N. Fekir": 0.01883364000105239
    },
    "edge_connectivity": 0,
    "max-k-core": 8,
    "clustering_coefficient": {
        "R. Varane": 0.5878378378378378,
        "B. Pavard": 0.5176470588235295,
        "K. Mbapp\u00e9": 0.8333333333333334,
        "N. Kant\u00e9": 0.6705882352941176,
        "O. Giroud": 0.6027397260273972,
        "S. Umtiti": 0.5958904109589042,
        "L. Hern\u00e1ndez": 0.6470588235294118,
        "C. Tolisso": 0.7213114754098361,
        "H. Lloris": 0.5769230769230769,
        "S. N'Zonzi": 0.5735294117647058,
        "O. Demb\u00e9l\u00e9": 0.5,
        "N. Fekir": 0
    },
    "avarage_clustering_coefficient": 0.5689049491585125,
    "max clique number": 8,
    "triangles for node": {
        "R. Varane": 25,
        "B. Pavard": 20,
        "K. Mbapp\u00e9": 3,
        "N. Kant\u00e9": 23,
        "O. Giroud": 21,
        "S. Umtiti": 23,
        "L. Hern\u00e1ndez": 15,
        "C. Tolisso": 18,
        "H. Lloris": 10,
        "S. N'Zonzi": 15,
        "O. Demb\u00e9l\u00e9": 1,
        "N. Fekir": 0
    },
    "number_of_triangles": 174,
    "transitivity": 0.7565217391304347
}