{
    "match_id": "2057970",
    "label_match": "Denmark - France, 0 - 0",
    "info": "DiGraph named 'France' with 14 nodes and 118 edges",
    "density": 0.6483516483516484,
    "degree": {
        "A. Griezmann": 16,
        "S. N'Zonzi": 22,
        "R. Varane": 19,
        "D. Sidib\u00e9": 23,
        "P. Kimpembe": 20,
        "L. Hern\u00e1ndez": 13,
        "T. Lemar": 21,
        "N. Kant\u00e9": 24,
        "O. Demb\u00e9l\u00e9": 17,
        "S. Mandanda": 10,
        "O. Giroud": 15,
        "B. Mendy": 14,
        "N. Fekir": 13,
        "K. Mbapp\u00e9": 9
    },
    "avarage_degree": 16.857142857142858,
    "in_degree": {
        "A. Griezmann": 9,
        "S. N'Zonzi": 11,
        "R. Varane": 10,
        "D. Sidib\u00e9": 11,
        "P. Kimpembe": 10,
        "L. Hern\u00e1ndez": 7,
        "T. Lemar": 10,
        "N. Kant\u00e9": 11,
        "O. Demb\u00e9l\u00e9": 9,
        "S. Mandanda": 5,
        "O. Giroud": 8,
        "B. Mendy": 7,
        "N. Fekir": 6,
        "K. Mbapp\u00e9": 4
    },
    "out_degree": {
        "A. Griezmann": 7,
        "S. N'Zonzi": 11,
        "R. Varane": 9,
        "D. Sidib\u00e9": 12,
        "P. Kimpembe": 10,
        "L. Hern\u00e1ndez": 6,
        "T. Lemar": 11,
        "N. Kant\u00e9": 13,
        "O. Demb\u00e9l\u00e9": 8,
        "S. Mandanda": 5,
        "O. Giroud": 7,
        "B. Mendy": 7,
        "N. Fekir": 7,
        "K. Mbapp\u00e9": 5
    },
    "degree_centrality": {
        "A. Griezmann": 1.2307692307692308,
        "S. N'Zonzi": 1.6923076923076925,
        "R. Varane": 1.4615384615384617,
        "D. Sidib\u00e9": 1.7692307692307694,
        "P. Kimpembe": 1.5384615384615385,
        "L. Hern\u00e1ndez": 1.0,
        "T. Lemar": 1.6153846153846154,
        "N. Kant\u00e9": 1.8461538461538463,
        "O. Demb\u00e9l\u00e9": 1.3076923076923077,
        "S. Mandanda": 0.7692307692307693,
        "O. Giroud": 1.153846153846154,
        "B. Mendy": 1.076923076923077,
        "N. Fekir": 1.0,
        "K. Mbapp\u00e9": 0.6923076923076923
    },
    "avarage_degree_centrality": 1.2967032967032968,
    "in_degree_centrality": {
        "A. Griezmann": 0.6923076923076923,
        "S. N'Zonzi": 0.8461538461538463,
        "R. Varane": 0.7692307692307693,
        "D. Sidib\u00e9": 0.8461538461538463,
        "P. Kimpembe": 0.7692307692307693,
        "L. Hern\u00e1ndez": 0.5384615384615385,
        "T. Lemar": 0.7692307692307693,
        "N. Kant\u00e9": 0.8461538461538463,
        "O. Demb\u00e9l\u00e9": 0.6923076923076923,
        "S. Mandanda": 0.38461538461538464,
        "O. Giroud": 0.6153846153846154,
        "B. Mendy": 0.5384615384615385,
        "N. Fekir": 0.46153846153846156,
        "K. Mbapp\u00e9": 0.3076923076923077
    },
    "out_degree_centrality": {
        "A. Griezmann": 0.5384615384615385,
        "S. N'Zonzi": 0.8461538461538463,
        "R. Varane": 0.6923076923076923,
        "D. Sidib\u00e9": 0.9230769230769231,
        "P. Kimpembe": 0.7692307692307693,
        "L. Hern\u00e1ndez": 0.46153846153846156,
        "T. Lemar": 0.8461538461538463,
        "N. Kant\u00e9": 1.0,
        "O. Demb\u00e9l\u00e9": 0.6153846153846154,
        "S. Mandanda": 0.38461538461538464,
        "O. Giroud": 0.5384615384615385,
        "B. Mendy": 0.5384615384615385,
        "N. Fekir": 0.5384615384615385,
        "K. Mbapp\u00e9": 0.38461538461538464
    },
    "closeness_centrality": {
        "A. Griezmann": 0.7647058823529411,
        "S. N'Zonzi": 0.8666666666666667,
        "R. Varane": 0.8125,
        "D. Sidib\u00e9": 0.8666666666666667,
        "P. Kimpembe": 0.8125,
        "L. Hern\u00e1ndez": 0.6842105263157895,
        "T. Lemar": 0.8125,
        "N. Kant\u00e9": 0.8666666666666667,
        "O. Demb\u00e9l\u00e9": 0.7647058823529411,
        "S. Mandanda": 0.6190476190476191,
        "O. Giroud": 0.7222222222222222,
        "B. Mendy": 0.6842105263157895,
        "N. Fekir": 0.65,
        "K. Mbapp\u00e9": 0.5909090909090909
    },
    "betweenness_centrality": {
        "A. Griezmann": 0.010134310134310133,
        "S. N'Zonzi": 0.047206959706959706,
        "R. Varane": 0.03137973137973137,
        "D. Sidib\u00e9": 0.07406898656898657,
        "P. Kimpembe": 0.04983211233211233,
        "L. Hern\u00e1ndez": 0.006814713064713063,
        "T. Lemar": 0.045115995115995115,
        "N. Kant\u00e9": 0.08023504273504273,
        "O. Demb\u00e9l\u00e9": 0.017139804639804638,
        "S. Mandanda": 0.004181929181929182,
        "O. Giroud": 0.020955433455433454,
        "B. Mendy": 0.00950854700854701,
        "N. Fekir": 0.010096153846153845,
        "K. Mbapp\u00e9": 0.0035866910866910865
    },
    "pagerank": {
        "A. Griezmann": 0.06949703088205372,
        "S. N'Zonzi": 0.09936093655145269,
        "R. Varane": 0.10437900815682669,
        "D. Sidib\u00e9": 0.13085705051056373,
        "P. Kimpembe": 0.09600940546526016,
        "L. Hern\u00e1ndez": 0.05945428083427787,
        "T. Lemar": 0.09117479228787802,
        "N. Kant\u00e9": 0.11005441826353345,
        "O. Demb\u00e9l\u00e9": 0.0722674508290488,
        "S. Mandanda": 0.028189117207908065,
        "O. Giroud": 0.028036762518329233,
        "B. Mendy": 0.05154973530696332,
        "N. Fekir": 0.03042174435798098,
        "K. Mbapp\u00e9": 0.028748266827923218
    },
    "edge_connectivity": 4,
    "max-k-core": 13,
    "clustering_coefficient": {
        "A. Griezmann": 0.8230088495575221,
        "S. N'Zonzi": 0.6855203619909502,
        "R. Varane": 0.7392638036809815,
        "D. Sidib\u00e9": 0.6239669421487604,
        "P. Kimpembe": 0.6408839779005525,
        "L. Hern\u00e1ndez": 0.8055555555555556,
        "T. Lemar": 0.695,
        "N. Kant\u00e9": 0.6377358490566037,
        "O. Demb\u00e9l\u00e9": 0.7868217054263565,
        "S. Mandanda": 0.9024390243902439,
        "O. Giroud": 0.705,
        "B. Mendy": 0.8275862068965517,
        "N. Fekir": 0.7972972972972973,
        "K. Mbapp\u00e9": 0.8382352941176471
    },
    "avarage_clustering_coefficient": 0.7505939191442159,
    "max clique number": 13,
    "triangles for node": {
        "A. Griezmann": 31,
        "S. N'Zonzi": 51,
        "R. Varane": 44,
        "D. Sidib\u00e9": 50,
        "P. Kimpembe": 40,
        "L. Hern\u00e1ndez": 18,
        "T. Lemar": 43,
        "N. Kant\u00e9": 56,
        "O. Demb\u00e9l\u00e9": 37,
        "S. Mandanda": 14,
        "O. Giroud": 32,
        "B. Mendy": 37,
        "N. Fekir": 32,
        "K. Mbapp\u00e9": 19
    },
    "number_of_triangles": 504,
    "transitivity": 0.7887323943661971
}