{
    "match_id": "2058003",
    "label_match": "France - Argentina, 4 - 3",
    "info": "DiGraph named 'France' with 14 nodes and 86 edges",
    "density": 0.4725274725274725,
    "degree": {
        "A. Griezmann": 16,
        "R. Varane": 15,
        "P. Pogba": 18,
        "K. Mbapp\u00e9": 12,
        "B. Pavard": 13,
        "H. Lloris": 12,
        "S. Umtiti": 18,
        "N. Kant\u00e9": 20,
        "B. Matuidi": 14,
        "O. Giroud": 11,
        "L. Hern\u00e1ndez": 11,
        "C. Tolisso": 8,
        "N. Fekir": 2,
        "F. Thauvin": 2
    },
    "avarage_degree": 12.285714285714286,
    "in_degree": {
        "A. Griezmann": 7,
        "R. Varane": 6,
        "P. Pogba": 8,
        "K. Mbapp\u00e9": 7,
        "B. Pavard": 7,
        "H. Lloris": 5,
        "S. Umtiti": 9,
        "N. Kant\u00e9": 9,
        "B. Matuidi": 7,
        "O. Giroud": 7,
        "L. Hern\u00e1ndez": 7,
        "C. Tolisso": 5,
        "N. Fekir": 1,
        "F. Thauvin": 1
    },
    "out_degree": {
        "A. Griezmann": 9,
        "R. Varane": 9,
        "P. Pogba": 10,
        "K. Mbapp\u00e9": 5,
        "B. Pavard": 6,
        "H. Lloris": 7,
        "S. Umtiti": 9,
        "N. Kant\u00e9": 11,
        "B. Matuidi": 7,
        "O. Giroud": 4,
        "L. Hern\u00e1ndez": 4,
        "C. Tolisso": 3,
        "N. Fekir": 1,
        "F. Thauvin": 1
    },
    "degree_centrality": {
        "A. Griezmann": 1.2307692307692308,
        "R. Varane": 1.153846153846154,
        "P. Pogba": 1.3846153846153846,
        "K. Mbapp\u00e9": 0.9230769230769231,
        "B. Pavard": 1.0,
        "H. Lloris": 0.9230769230769231,
        "S. Umtiti": 1.3846153846153846,
        "N. Kant\u00e9": 1.5384615384615385,
        "B. Matuidi": 1.076923076923077,
        "O. Giroud": 0.8461538461538463,
        "L. Hern\u00e1ndez": 0.8461538461538463,
        "C. Tolisso": 0.6153846153846154,
        "N. Fekir": 0.15384615384615385,
        "F. Thauvin": 0.15384615384615385
    },
    "avarage_degree_centrality": 0.9450549450549451,
    "in_degree_centrality": {
        "A. Griezmann": 0.5384615384615385,
        "R. Varane": 0.46153846153846156,
        "P. Pogba": 0.6153846153846154,
        "K. Mbapp\u00e9": 0.5384615384615385,
        "B. Pavard": 0.5384615384615385,
        "H. Lloris": 0.38461538461538464,
        "S. Umtiti": 0.6923076923076923,
        "N. Kant\u00e9": 0.6923076923076923,
        "B. Matuidi": 0.5384615384615385,
        "O. Giroud": 0.5384615384615385,
        "L. Hern\u00e1ndez": 0.5384615384615385,
        "C. Tolisso": 0.38461538461538464,
        "N. Fekir": 0.07692307692307693,
        "F. Thauvin": 0.07692307692307693
    },
    "out_degree_centrality": {
        "A. Griezmann": 0.6923076923076923,
        "R. Varane": 0.6923076923076923,
        "P. Pogba": 0.7692307692307693,
        "K. Mbapp\u00e9": 0.38461538461538464,
        "B. Pavard": 0.46153846153846156,
        "H. Lloris": 0.5384615384615385,
        "S. Umtiti": 0.6923076923076923,
        "N. Kant\u00e9": 0.8461538461538463,
        "B. Matuidi": 0.5384615384615385,
        "O. Giroud": 0.3076923076923077,
        "L. Hern\u00e1ndez": 0.3076923076923077,
        "C. Tolisso": 0.23076923076923078,
        "N. Fekir": 0.07692307692307693,
        "F. Thauvin": 0.07692307692307693
    },
    "closeness_centrality": {
        "A. Griezmann": 0.65,
        "R. Varane": 0.6190476190476191,
        "P. Pogba": 0.6842105263157895,
        "K. Mbapp\u00e9": 0.65,
        "B. Pavard": 0.6842105263157895,
        "H. Lloris": 0.5909090909090909,
        "S. Umtiti": 0.65,
        "N. Kant\u00e9": 0.65,
        "B. Matuidi": 0.5909090909090909,
        "O. Giroud": 0.65,
        "L. Hern\u00e1ndez": 0.5909090909090909,
        "C. Tolisso": 0.5416666666666666,
        "N. Fekir": 0.3939393939393939,
        "F. Thauvin": 0.30952380952380953
    },
    "betweenness_centrality": {
        "A. Griezmann": 0.06602564102564103,
        "R. Varane": 0.025061050061050055,
        "P. Pogba": 0.07084859584859585,
        "K. Mbapp\u00e9": 0.0288003663003663,
        "B. Pavard": 0.15802808302808302,
        "H. Lloris": 0.010592185592185591,
        "S. Umtiti": 0.07490842490842492,
        "N. Kant\u00e9": 0.09969474969474969,
        "B. Matuidi": 0.016254578754578752,
        "O. Giroud": 0.04091880341880341,
        "L. Hern\u00e1ndez": 0.016239316239316237,
        "C. Tolisso": 0.14903846153846154,
        "N. Fekir": 0.07692307692307693,
        "F. Thauvin": 0.07692307692307693
    },
    "pagerank": {
        "A. Griezmann": 0.05832175797217777,
        "R. Varane": 0.09546110325850675,
        "P. Pogba": 0.11831822663786955,
        "K. Mbapp\u00e9": 0.0901066637782977,
        "B. Pavard": 0.09347910727709541,
        "H. Lloris": 0.044757859661945544,
        "S. Umtiti": 0.11144661777327007,
        "N. Kant\u00e9": 0.14126386808010352,
        "B. Matuidi": 0.08480923081612025,
        "O. Giroud": 0.0367189386064512,
        "L. Hern\u00e1ndez": 0.051643641307821175,
        "C. Tolisso": 0.034179451740611495,
        "N. Fekir": 0.015556375304258688,
        "F. Thauvin": 0.023937157785471008
    },
    "edge_connectivity": 1,
    "max-k-core": 11,
    "clustering_coefficient": {
        "A. Griezmann": 0.6710526315789473,
        "R. Varane": 0.715,
        "P. Pogba": 0.6506849315068494,
        "K. Mbapp\u00e9": 0.7580645161290323,
        "B. Pavard": 0.5821917808219178,
        "H. Lloris": 0.7786885245901639,
        "S. Umtiti": 0.6275862068965518,
        "N. Kant\u00e9": 0.5828729281767956,
        "B. Matuidi": 0.7470588235294118,
        "O. Giroud": 0.6481481481481481,
        "L. Hern\u00e1ndez": 0.7884615384615384,
        "C. Tolisso": 0.5925925925925926,
        "N. Fekir": 0,
        "F. Thauvin": 0
    },
    "avarage_clustering_coefficient": 0.5816001873165678,
    "max clique number": 15,
    "triangles for node": {
        "A. Griezmann": 33,
        "R. Varane": 37,
        "P. Pogba": 42,
        "K. Mbapp\u00e9": 25,
        "B. Pavard": 19,
        "H. Lloris": 19,
        "S. Umtiti": 36,
        "N. Kant\u00e9": 42,
        "B. Matuidi": 26,
        "O. Giroud": 33,
        "L. Hern\u00e1ndez": 25,
        "C. Tolisso": 14,
        "N. Fekir": 0,
        "F. Thauvin": 0
    },
    "number_of_triangles": 351,
    "transitivity": 0.7869955156950673
}