{
    "match_id": "2058003",
    "label_match": "France - Argentina, 4 - 3",
    "info": "DiGraph named 'France' with 12 nodes and 54 edges",
    "density": 0.4090909090909091,
    "degree": {
        "R. Varane": 12,
        "K. Mbapp\u00e9": 9,
        "B. Pavard": 9,
        "H. Lloris": 9,
        "S. Umtiti": 14,
        "N. Kant\u00e9": 16,
        "B. Matuidi": 10,
        "O. Giroud": 10,
        "L. Hern\u00e1ndez": 9,
        "C. Tolisso": 6,
        "N. Fekir": 2,
        "F. Thauvin": 2
    },
    "avarage_degree": 9,
    "in_degree": {
        "R. Varane": 4,
        "K. Mbapp\u00e9": 6,
        "B. Pavard": 5,
        "H. Lloris": 4,
        "S. Umtiti": 7,
        "N. Kant\u00e9": 7,
        "B. Matuidi": 5,
        "O. Giroud": 6,
        "L. Hern\u00e1ndez": 5,
        "C. Tolisso": 3,
        "N. Fekir": 1,
        "F. Thauvin": 1
    },
    "out_degree": {
        "R. Varane": 8,
        "K. Mbapp\u00e9": 3,
        "B. Pavard": 4,
        "H. Lloris": 5,
        "S. Umtiti": 7,
        "N. Kant\u00e9": 9,
        "B. Matuidi": 5,
        "O. Giroud": 4,
        "L. Hern\u00e1ndez": 4,
        "C. Tolisso": 3,
        "N. Fekir": 1,
        "F. Thauvin": 1
    },
    "degree_centrality": {
        "R. Varane": 1.0909090909090908,
        "K. Mbapp\u00e9": 0.8181818181818182,
        "B. Pavard": 0.8181818181818182,
        "H. Lloris": 0.8181818181818182,
        "S. Umtiti": 1.2727272727272727,
        "N. Kant\u00e9": 1.4545454545454546,
        "B. Matuidi": 0.9090909090909092,
        "O. Giroud": 0.9090909090909092,
        "L. Hern\u00e1ndez": 0.8181818181818182,
        "C. Tolisso": 0.5454545454545454,
        "N. Fekir": 0.18181818181818182,
        "F. Thauvin": 0.18181818181818182
    },
    "avarage_degree_centrality": 0.8181818181818182,
    "in_degree_centrality": {
        "R. Varane": 0.36363636363636365,
        "K. Mbapp\u00e9": 0.5454545454545454,
        "B. Pavard": 0.4545454545454546,
        "H. Lloris": 0.36363636363636365,
        "S. Umtiti": 0.6363636363636364,
        "N. Kant\u00e9": 0.6363636363636364,
        "B. Matuidi": 0.4545454545454546,
        "O. Giroud": 0.5454545454545454,
        "L. Hern\u00e1ndez": 0.4545454545454546,
        "C. Tolisso": 0.2727272727272727,
        "N. Fekir": 0.09090909090909091,
        "F. Thauvin": 0.09090909090909091
    },
    "out_degree_centrality": {
        "R. Varane": 0.7272727272727273,
        "K. Mbapp\u00e9": 0.2727272727272727,
        "B. Pavard": 0.36363636363636365,
        "H. Lloris": 0.4545454545454546,
        "S. Umtiti": 0.6363636363636364,
        "N. Kant\u00e9": 0.8181818181818182,
        "B. Matuidi": 0.4545454545454546,
        "O. Giroud": 0.36363636363636365,
        "L. Hern\u00e1ndez": 0.36363636363636365,
        "C. Tolisso": 0.2727272727272727,
        "N. Fekir": 0.09090909090909091,
        "F. Thauvin": 0.09090909090909091
    },
    "closeness_centrality": {
        "R. Varane": 0.5789473684210527,
        "K. Mbapp\u00e9": 0.6470588235294118,
        "B. Pavard": 0.6470588235294118,
        "H. Lloris": 0.5789473684210527,
        "S. Umtiti": 0.6111111111111112,
        "N. Kant\u00e9": 0.6111111111111112,
        "B. Matuidi": 0.55,
        "O. Giroud": 0.6470588235294118,
        "L. Hern\u00e1ndez": 0.55,
        "C. Tolisso": 0.5,
        "N. Fekir": 0.3793103448275862,
        "F. Thauvin": 0.3055555555555556
    },
    "betweenness_centrality": {
        "R. Varane": 0.05484848484848485,
        "K. Mbapp\u00e9": 0.04393939393939394,
        "B. Pavard": 0.18666666666666665,
        "H. Lloris": 0.020454545454545454,
        "S. Umtiti": 0.08212121212121212,
        "N. Kant\u00e9": 0.173030303030303,
        "B. Matuidi": 0.01818181818181818,
        "O. Giroud": 0.1222727272727273,
        "L. Hern\u00e1ndez": 0.03257575757575757,
        "C. Tolisso": 0.175,
        "N. Fekir": 0.09090909090909091,
        "F. Thauvin": 0.09090909090909091
    },
    "pagerank": {
        "R. Varane": 0.11748669513517367,
        "K. Mbapp\u00e9": 0.10400589933891412,
        "B. Pavard": 0.10340311336349849,
        "H. Lloris": 0.057107002986367505,
        "S. Umtiti": 0.14515101819066129,
        "N. Kant\u00e9": 0.17417363995528407,
        "B. Matuidi": 0.10717820282034154,
        "O. Giroud": 0.047124735497358475,
        "L. Hern\u00e1ndez": 0.0647583179525344,
        "C. Tolisso": 0.03485225941250318,
        "N. Fekir": 0.01743736478441794,
        "F. Thauvin": 0.027321750562945148
    },
    "edge_connectivity": 1,
    "max-k-core": 8,
    "clustering_coefficient": {
        "R. Varane": 0.6370967741935484,
        "K. Mbapp\u00e9": 0.6212121212121212,
        "B. Pavard": 0.4696969696969697,
        "H. Lloris": 0.71875,
        "S. Umtiti": 0.5647058823529412,
        "N. Kant\u00e9": 0.4823008849557522,
        "B. Matuidi": 0.7195121951219512,
        "O. Giroud": 0.6022727272727273,
        "L. Hern\u00e1ndez": 0.7575757575757576,
        "C. Tolisso": 0.5357142857142857,
        "N. Fekir": 0,
        "F. Thauvin": 0
    },
    "avarage_clustering_coefficient": 0.5090697998413378,
    "max clique number": 9,
    "triangles for node": {
        "R. Varane": 21,
        "K. Mbapp\u00e9": 13,
        "B. Pavard": 9,
        "H. Lloris": 9,
        "S. Umtiti": 20,
        "N. Kant\u00e9": 24,
        "B. Matuidi": 14,
        "O. Giroud": 24,
        "L. Hern\u00e1ndez": 13,
        "C. Tolisso": 6,
        "N. Fekir": 0,
        "F. Thauvin": 0
    },
    "number_of_triangles": 153,
    "transitivity": 0.7285714285714285
}