{
    "match_id": "2057968",
    "label_match": "France - Peru, 1 - 0",
    "info": "DiGraph named 'France' with 11 nodes and 52 edges",
    "density": 0.4727272727272727,
    "degree": {
        "R. Varane": 14,
        "S. Umtiti": 10,
        "K. Mbapp\u00e9": 10,
        "B. Pavard": 11,
        "N. Kant\u00e9": 14,
        "L. Hern\u00e1ndez": 8,
        "B. Matuidi": 10,
        "O. Giroud": 10,
        "H. Lloris": 6,
        "O. Demb\u00e9l\u00e9": 7,
        "N. Fekir": 4
    },
    "avarage_degree": 9.454545454545455,
    "in_degree": {
        "R. Varane": 6,
        "S. Umtiti": 5,
        "K. Mbapp\u00e9": 5,
        "B. Pavard": 5,
        "N. Kant\u00e9": 8,
        "L. Hern\u00e1ndez": 5,
        "B. Matuidi": 4,
        "O. Giroud": 5,
        "H. Lloris": 3,
        "O. Demb\u00e9l\u00e9": 3,
        "N. Fekir": 3
    },
    "out_degree": {
        "R. Varane": 8,
        "S. Umtiti": 5,
        "K. Mbapp\u00e9": 5,
        "B. Pavard": 6,
        "N. Kant\u00e9": 6,
        "L. Hern\u00e1ndez": 3,
        "B. Matuidi": 6,
        "O. Giroud": 5,
        "H. Lloris": 3,
        "O. Demb\u00e9l\u00e9": 4,
        "N. Fekir": 1
    },
    "degree_centrality": {
        "R. Varane": 1.4000000000000001,
        "S. Umtiti": 1.0,
        "K. Mbapp\u00e9": 1.0,
        "B. Pavard": 1.1,
        "N. Kant\u00e9": 1.4000000000000001,
        "L. Hern\u00e1ndez": 0.8,
        "B. Matuidi": 1.0,
        "O. Giroud": 1.0,
        "H. Lloris": 0.6000000000000001,
        "O. Demb\u00e9l\u00e9": 0.7000000000000001,
        "N. Fekir": 0.4
    },
    "avarage_degree_centrality": 0.9454545454545455,
    "in_degree_centrality": {
        "R. Varane": 0.6000000000000001,
        "S. Umtiti": 0.5,
        "K. Mbapp\u00e9": 0.5,
        "B. Pavard": 0.5,
        "N. Kant\u00e9": 0.8,
        "L. Hern\u00e1ndez": 0.5,
        "B. Matuidi": 0.4,
        "O. Giroud": 0.5,
        "H. Lloris": 0.30000000000000004,
        "O. Demb\u00e9l\u00e9": 0.30000000000000004,
        "N. Fekir": 0.30000000000000004
    },
    "out_degree_centrality": {
        "R. Varane": 0.8,
        "S. Umtiti": 0.5,
        "K. Mbapp\u00e9": 0.5,
        "B. Pavard": 0.6000000000000001,
        "N. Kant\u00e9": 0.6000000000000001,
        "L. Hern\u00e1ndez": 0.30000000000000004,
        "B. Matuidi": 0.6000000000000001,
        "O. Giroud": 0.5,
        "H. Lloris": 0.30000000000000004,
        "O. Demb\u00e9l\u00e9": 0.4,
        "N. Fekir": 0.1
    },
    "closeness_centrality": {
        "R. Varane": 0.6666666666666666,
        "S. Umtiti": 0.625,
        "K. Mbapp\u00e9": 0.625,
        "B. Pavard": 0.6666666666666666,
        "N. Kant\u00e9": 0.8333333333333334,
        "L. Hern\u00e1ndez": 0.625,
        "B. Matuidi": 0.5882352941176471,
        "O. Giroud": 0.6666666666666666,
        "H. Lloris": 0.5555555555555556,
        "O. Demb\u00e9l\u00e9": 0.5555555555555556,
        "N. Fekir": 0.5263157894736842
    },
    "betweenness_centrality": {
        "R. Varane": 0.13129629629629633,
        "S. Umtiti": 0.055370370370370375,
        "K. Mbapp\u00e9": 0.024074074074074074,
        "B. Pavard": 0.08314814814814814,
        "N. Kant\u00e9": 0.1461111111111111,
        "L. Hern\u00e1ndez": 0.016666666666666666,
        "B. Matuidi": 0.06981481481481482,
        "O. Giroud": 0.07685185185185185,
        "H. Lloris": 0.003703703703703704,
        "O. Demb\u00e9l\u00e9": 0.11851851851851852,
        "N. Fekir": 0.01888888888888889
    },
    "pagerank": {
        "R. Varane": 0.09733868621511244,
        "S. Umtiti": 0.07175718814223475,
        "K. Mbapp\u00e9": 0.1121068362170931,
        "B. Pavard": 0.17677954815999145,
        "N. Kant\u00e9": 0.14923681383142642,
        "L. Hern\u00e1ndez": 0.07653729618005119,
        "B. Matuidi": 0.08625768044967404,
        "O. Giroud": 0.05622486629605015,
        "H. Lloris": 0.04673752924093838,
        "O. Demb\u00e9l\u00e9": 0.07620926466741328,
        "N. Fekir": 0.05081429060001496
    },
    "edge_connectivity": 1,
    "max-k-core": 8,
    "clustering_coefficient": {
        "R. Varane": 0.4823529411764706,
        "S. Umtiti": 0.6097560975609756,
        "K. Mbapp\u00e9": 0.65,
        "B. Pavard": 0.5686274509803921,
        "N. Kant\u00e9": 0.49411764705882355,
        "L. Hern\u00e1ndez": 0.68,
        "B. Matuidi": 0.4634146341463415,
        "O. Giroud": 0.4523809523809524,
        "H. Lloris": 0.9230769230769231,
        "O. Demb\u00e9l\u00e9": 0.42105263157894735,
        "N. Fekir": 0.4
    },
    "avarage_clustering_coefficient": 0.5586162979963478,
    "max clique number": 13,
    "triangles for node": {
        "R. Varane": 16,
        "S. Umtiti": 10,
        "K. Mbapp\u00e9": 7,
        "B. Pavard": 13,
        "N. Kant\u00e9": 15,
        "L. Hern\u00e1ndez": 7,
        "B. Matuidi": 7,
        "O. Giroud": 10,
        "H. Lloris": 6,
        "O. Demb\u00e9l\u00e9": 6,
        "N. Fekir": 2
    },
    "number_of_triangles": 99,
    "transitivity": 0.592814371257485
}