{
    "match_id": "2058017",
    "label_match": "France - Croatia, 4 - 2",
    "info": "DiGraph named 'France' with 14 nodes and 88 edges",
    "density": 0.4835164835164835,
    "degree": {
        "A. Griezmann": 18,
        "R. Varane": 15,
        "H. Lloris": 7,
        "S. Umtiti": 17,
        "B. Matuidi": 14,
        "O. Giroud": 13,
        "P. Pogba": 21,
        "N. Kant\u00e9": 9,
        "L. Hern\u00e1ndez": 16,
        "B. Pavard": 12,
        "K. Mbapp\u00e9": 8,
        "S. N'Zonzi": 17,
        "C. Tolisso": 6,
        "N. Fekir": 3
    },
    "avarage_degree": 12.571428571428571,
    "in_degree": {
        "A. Griezmann": 8,
        "R. Varane": 7,
        "H. Lloris": 3,
        "S. Umtiti": 8,
        "B. Matuidi": 6,
        "O. Giroud": 7,
        "P. Pogba": 11,
        "N. Kant\u00e9": 5,
        "L. Hern\u00e1ndez": 8,
        "B. Pavard": 6,
        "K. Mbapp\u00e9": 4,
        "S. N'Zonzi": 10,
        "C. Tolisso": 3,
        "N. Fekir": 2
    },
    "out_degree": {
        "A. Griezmann": 10,
        "R. Varane": 8,
        "H. Lloris": 4,
        "S. Umtiti": 9,
        "B. Matuidi": 8,
        "O. Giroud": 6,
        "P. Pogba": 10,
        "N. Kant\u00e9": 4,
        "L. Hern\u00e1ndez": 8,
        "B. Pavard": 6,
        "K. Mbapp\u00e9": 4,
        "S. N'Zonzi": 7,
        "C. Tolisso": 3,
        "N. Fekir": 1
    },
    "degree_centrality": {
        "A. Griezmann": 1.3846153846153846,
        "R. Varane": 1.153846153846154,
        "H. Lloris": 0.5384615384615385,
        "S. Umtiti": 1.3076923076923077,
        "B. Matuidi": 1.076923076923077,
        "O. Giroud": 1.0,
        "P. Pogba": 1.6153846153846154,
        "N. Kant\u00e9": 0.6923076923076923,
        "L. Hern\u00e1ndez": 1.2307692307692308,
        "B. Pavard": 0.9230769230769231,
        "K. Mbapp\u00e9": 0.6153846153846154,
        "S. N'Zonzi": 1.3076923076923077,
        "C. Tolisso": 0.46153846153846156,
        "N. Fekir": 0.23076923076923078
    },
    "avarage_degree_centrality": 0.967032967032967,
    "in_degree_centrality": {
        "A. Griezmann": 0.6153846153846154,
        "R. Varane": 0.5384615384615385,
        "H. Lloris": 0.23076923076923078,
        "S. Umtiti": 0.6153846153846154,
        "B. Matuidi": 0.46153846153846156,
        "O. Giroud": 0.5384615384615385,
        "P. Pogba": 0.8461538461538463,
        "N. Kant\u00e9": 0.38461538461538464,
        "L. Hern\u00e1ndez": 0.6153846153846154,
        "B. Pavard": 0.46153846153846156,
        "K. Mbapp\u00e9": 0.3076923076923077,
        "S. N'Zonzi": 0.7692307692307693,
        "C. Tolisso": 0.23076923076923078,
        "N. Fekir": 0.15384615384615385
    },
    "out_degree_centrality": {
        "A. Griezmann": 0.7692307692307693,
        "R. Varane": 0.6153846153846154,
        "H. Lloris": 0.3076923076923077,
        "S. Umtiti": 0.6923076923076923,
        "B. Matuidi": 0.6153846153846154,
        "O. Giroud": 0.46153846153846156,
        "P. Pogba": 0.7692307692307693,
        "N. Kant\u00e9": 0.3076923076923077,
        "L. Hern\u00e1ndez": 0.6153846153846154,
        "B. Pavard": 0.46153846153846156,
        "K. Mbapp\u00e9": 0.3076923076923077,
        "S. N'Zonzi": 0.5384615384615385,
        "C. Tolisso": 0.23076923076923078,
        "N. Fekir": 0.07692307692307693
    },
    "closeness_centrality": {
        "A. Griezmann": 0.7222222222222222,
        "R. Varane": 0.6842105263157895,
        "H. Lloris": 0.52,
        "S. Umtiti": 0.7222222222222222,
        "B. Matuidi": 0.65,
        "O. Giroud": 0.65,
        "P. Pogba": 0.8666666666666667,
        "N. Kant\u00e9": 0.5909090909090909,
        "L. Hern\u00e1ndez": 0.7222222222222222,
        "B. Pavard": 0.6190476190476191,
        "K. Mbapp\u00e9": 0.5652173913043478,
        "S. N'Zonzi": 0.8125,
        "C. Tolisso": 0.5652173913043478,
        "N. Fekir": 0.52
    },
    "betweenness_centrality": {
        "A. Griezmann": 0.07393925518925519,
        "R. Varane": 0.05272435897435897,
        "H. Lloris": 0.007692307692307692,
        "S. Umtiti": 0.0849969474969475,
        "B. Matuidi": 0.016781135531135534,
        "O. Giroud": 0.028746947496947492,
        "P. Pogba": 0.1454594017094017,
        "N. Kant\u00e9": 0.0018696581196581193,
        "L. Hern\u00e1ndez": 0.06378205128205128,
        "B. Pavard": 0.03125763125763126,
        "K. Mbapp\u00e9": 0.009142246642246643,
        "S. N'Zonzi": 0.12810592185592184,
        "C. Tolisso": 0.0029380341880341876,
        "N. Fekir": 0.0
    },
    "pagerank": {
        "A. Griezmann": 0.09311242327613893,
        "R. Varane": 0.09208431737240365,
        "H. Lloris": 0.03971138040928736,
        "S. Umtiti": 0.0867460751545654,
        "B. Matuidi": 0.07892922675329525,
        "O. Giroud": 0.06140126372209023,
        "P. Pogba": 0.1311174869105916,
        "N. Kant\u00e9": 0.05818313968771953,
        "L. Hern\u00e1ndez": 0.07614287148694888,
        "B. Pavard": 0.08185915554287894,
        "K. Mbapp\u00e9": 0.06018088184873562,
        "S. N'Zonzi": 0.09024874681008092,
        "C. Tolisso": 0.028608249270717832,
        "N. Fekir": 0.02167478175454582
    },
    "edge_connectivity": 1,
    "max-k-core": 10,
    "clustering_coefficient": {
        "A. Griezmann": 0.5958904109589042,
        "R. Varane": 0.6039603960396039,
        "H. Lloris": 0.631578947368421,
        "S. Umtiti": 0.5658914728682171,
        "B. Matuidi": 0.7941176470588235,
        "O. Giroud": 0.6891891891891891,
        "P. Pogba": 0.5,
        "N. Kant\u00e9": 0.84375,
        "L. Hern\u00e1ndez": 0.631578947368421,
        "B. Pavard": 0.5409836065573771,
        "K. Mbapp\u00e9": 0.6923076923076923,
        "S. N'Zonzi": 0.5891472868217055,
        "C. Tolisso": 0.8571428571428571,
        "N. Fekir": 1.0
    },
    "avarage_clustering_coefficient": 0.681109889548658,
    "max clique number": 9,
    "triangles for node": {
        "A. Griezmann": 35,
        "R. Varane": 37,
        "H. Lloris": 8,
        "S. Umtiti": 31,
        "B. Matuidi": 25,
        "O. Giroud": 29,
        "P. Pogba": 39,
        "N. Kant\u00e9": 10,
        "L. Hern\u00e1ndez": 32,
        "B. Pavard": 16,
        "K. Mbapp\u00e9": 12,
        "S. N'Zonzi": 31,
        "C. Tolisso": 10,
        "N. Fekir": 3
    },
    "number_of_triangles": 318,
    "transitivity": 0.7162162162162162
}