{
    "match_id": "2058017",
    "label_match": "France - Croatia, 4 - 2",
    "info": "DiGraph named 'France' with 12 nodes and 51 edges",
    "density": 0.38636363636363635,
    "degree": {
        "R. Varane": 12,
        "H. Lloris": 6,
        "S. Umtiti": 13,
        "B. Matuidi": 10,
        "O. Giroud": 9,
        "N. Kant\u00e9": 7,
        "L. Hern\u00e1ndez": 12,
        "B. Pavard": 9,
        "K. Mbapp\u00e9": 5,
        "S. N'Zonzi": 13,
        "C. Tolisso": 5,
        "N. Fekir": 1
    },
    "avarage_degree": 8.5,
    "in_degree": {
        "R. Varane": 6,
        "H. Lloris": 3,
        "S. Umtiti": 6,
        "B. Matuidi": 4,
        "O. Giroud": 5,
        "N. Kant\u00e9": 4,
        "L. Hern\u00e1ndez": 6,
        "B. Pavard": 4,
        "K. Mbapp\u00e9": 3,
        "S. N'Zonzi": 8,
        "C. Tolisso": 2,
        "N. Fekir": 0
    },
    "out_degree": {
        "R. Varane": 6,
        "H. Lloris": 3,
        "S. Umtiti": 7,
        "B. Matuidi": 6,
        "O. Giroud": 4,
        "N. Kant\u00e9": 3,
        "L. Hern\u00e1ndez": 6,
        "B. Pavard": 5,
        "K. Mbapp\u00e9": 2,
        "S. N'Zonzi": 5,
        "C. Tolisso": 3,
        "N. Fekir": 1
    },
    "degree_centrality": {
        "R. Varane": 1.0909090909090908,
        "H. Lloris": 0.5454545454545454,
        "S. Umtiti": 1.1818181818181819,
        "B. Matuidi": 0.9090909090909092,
        "O. Giroud": 0.8181818181818182,
        "N. Kant\u00e9": 0.6363636363636364,
        "L. Hern\u00e1ndez": 1.0909090909090908,
        "B. Pavard": 0.8181818181818182,
        "K. Mbapp\u00e9": 0.4545454545454546,
        "S. N'Zonzi": 1.1818181818181819,
        "C. Tolisso": 0.4545454545454546,
        "N. Fekir": 0.09090909090909091
    },
    "avarage_degree_centrality": 0.7727272727272727,
    "in_degree_centrality": {
        "R. Varane": 0.5454545454545454,
        "H. Lloris": 0.2727272727272727,
        "S. Umtiti": 0.5454545454545454,
        "B. Matuidi": 0.36363636363636365,
        "O. Giroud": 0.4545454545454546,
        "N. Kant\u00e9": 0.36363636363636365,
        "L. Hern\u00e1ndez": 0.5454545454545454,
        "B. Pavard": 0.36363636363636365,
        "K. Mbapp\u00e9": 0.2727272727272727,
        "S. N'Zonzi": 0.7272727272727273,
        "C. Tolisso": 0.18181818181818182,
        "N. Fekir": 0.0
    },
    "out_degree_centrality": {
        "R. Varane": 0.5454545454545454,
        "H. Lloris": 0.2727272727272727,
        "S. Umtiti": 0.6363636363636364,
        "B. Matuidi": 0.5454545454545454,
        "O. Giroud": 0.36363636363636365,
        "N. Kant\u00e9": 0.2727272727272727,
        "L. Hern\u00e1ndez": 0.5454545454545454,
        "B. Pavard": 0.4545454545454546,
        "K. Mbapp\u00e9": 0.18181818181818182,
        "S. N'Zonzi": 0.4545454545454546,
        "C. Tolisso": 0.2727272727272727,
        "N. Fekir": 0.09090909090909091
    },
    "closeness_centrality": {
        "R. Varane": 0.6875,
        "H. Lloris": 0.5238095238095238,
        "S. Umtiti": 0.6875,
        "B. Matuidi": 0.5789473684210527,
        "O. Giroud": 0.6111111111111112,
        "N. Kant\u00e9": 0.5789473684210527,
        "L. Hern\u00e1ndez": 0.6470588235294118,
        "B. Pavard": 0.55,
        "K. Mbapp\u00e9": 0.55,
        "S. N'Zonzi": 0.7857142857142857,
        "C. Tolisso": 0.5238095238095238,
        "N. Fekir": 0.0
    },
    "betweenness_centrality": {
        "R. Varane": 0.13138528138528138,
        "H. Lloris": 0.01948051948051948,
        "S. Umtiti": 0.13859307359307357,
        "B. Matuidi": 0.026536796536796536,
        "O. Giroud": 0.041471861471861465,
        "N. Kant\u00e9": 0.006515151515151514,
        "L. Hern\u00e1ndez": 0.11002164502164502,
        "B. Pavard": 0.05484848484848485,
        "K. Mbapp\u00e9": 0.0116017316017316,
        "S. N'Zonzi": 0.1798484848484848,
        "C. Tolisso": 0.006969696969696969,
        "N. Fekir": 0.0
    },
    "pagerank": {
        "R. Varane": 0.14699672009759565,
        "H. Lloris": 0.06803689304424539,
        "S. Umtiti": 0.13219568550232477,
        "B. Matuidi": 0.0960014291164725,
        "O. Giroud": 0.07705478743770404,
        "N. Kant\u00e9": 0.08741293276451116,
        "L. Hern\u00e1ndez": 0.09262524160639193,
        "B. Pavard": 0.096227946233903,
        "K. Mbapp\u00e9": 0.060973043561248164,
        "S. N'Zonzi": 0.09305570217405286,
        "C. Tolisso": 0.036919618461550355,
        "N. Fekir": 0.0125
    },
    "edge_connectivity": 0,
    "max-k-core": 7,
    "clustering_coefficient": {
        "R. Varane": 0.48412698412698413,
        "H. Lloris": 0.5,
        "S. Umtiti": 0.4383561643835616,
        "B. Matuidi": 0.6951219512195121,
        "O. Giroud": 0.5,
        "N. Kant\u00e9": 0.7777777777777778,
        "L. Hern\u00e1ndez": 0.46774193548387094,
        "B. Pavard": 0.34375,
        "K. Mbapp\u00e9": 0.5555555555555556,
        "S. N'Zonzi": 0.4246575342465753,
        "C. Tolisso": 0.7777777777777778,
        "N. Fekir": 0
    },
    "avarage_clustering_coefficient": 0.4970721400476346,
    "max clique number": 8,
    "triangles for node": {
        "R. Varane": 20,
        "H. Lloris": 4,
        "S. Umtiti": 17,
        "B. Matuidi": 13,
        "O. Giroud": 15,
        "N. Kant\u00e9": 6,
        "L. Hern\u00e1ndez": 17,
        "B. Pavard": 6,
        "K. Mbapp\u00e9": 4,
        "S. N'Zonzi": 15,
        "C. Tolisso": 6,
        "N. Fekir": 0
    },
    "number_of_triangles": 123,
    "transitivity": 0.6473684210526316
}