{
    "match_id": "2057970",
    "label_match": "Denmark - France, 0 - 0",
    "info": "DiGraph named 'France' with 13 nodes and 102 edges",
    "density": 0.6538461538461539,
    "degree": {
        "S. N'Zonzi": 20,
        "R. Varane": 17,
        "D. Sidib\u00e9": 21,
        "P. Kimpembe": 20,
        "L. Hern\u00e1ndez": 11,
        "T. Lemar": 19,
        "N. Kant\u00e9": 22,
        "O. Demb\u00e9l\u00e9": 15,
        "S. Mandanda": 10,
        "O. Giroud": 14,
        "B. Mendy": 13,
        "N. Fekir": 13,
        "K. Mbapp\u00e9": 9
    },
    "avarage_degree": 15.692307692307692,
    "in_degree": {
        "S. N'Zonzi": 10,
        "R. Varane": 9,
        "D. Sidib\u00e9": 10,
        "P. Kimpembe": 10,
        "L. Hern\u00e1ndez": 6,
        "T. Lemar": 9,
        "N. Kant\u00e9": 10,
        "O. Demb\u00e9l\u00e9": 8,
        "S. Mandanda": 5,
        "O. Giroud": 8,
        "B. Mendy": 7,
        "N. Fekir": 6,
        "K. Mbapp\u00e9": 4
    },
    "out_degree": {
        "S. N'Zonzi": 10,
        "R. Varane": 8,
        "D. Sidib\u00e9": 11,
        "P. Kimpembe": 10,
        "L. Hern\u00e1ndez": 5,
        "T. Lemar": 10,
        "N. Kant\u00e9": 12,
        "O. Demb\u00e9l\u00e9": 7,
        "S. Mandanda": 5,
        "O. Giroud": 6,
        "B. Mendy": 6,
        "N. Fekir": 7,
        "K. Mbapp\u00e9": 5
    },
    "degree_centrality": {
        "S. N'Zonzi": 1.6666666666666665,
        "R. Varane": 1.4166666666666665,
        "D. Sidib\u00e9": 1.75,
        "P. Kimpembe": 1.6666666666666665,
        "L. Hern\u00e1ndez": 0.9166666666666666,
        "T. Lemar": 1.5833333333333333,
        "N. Kant\u00e9": 1.8333333333333333,
        "O. Demb\u00e9l\u00e9": 1.25,
        "S. Mandanda": 0.8333333333333333,
        "O. Giroud": 1.1666666666666665,
        "B. Mendy": 1.0833333333333333,
        "N. Fekir": 1.0833333333333333,
        "K. Mbapp\u00e9": 0.75
    },
    "avarage_degree_centrality": 1.3076923076923077,
    "in_degree_centrality": {
        "S. N'Zonzi": 0.8333333333333333,
        "R. Varane": 0.75,
        "D. Sidib\u00e9": 0.8333333333333333,
        "P. Kimpembe": 0.8333333333333333,
        "L. Hern\u00e1ndez": 0.5,
        "T. Lemar": 0.75,
        "N. Kant\u00e9": 0.8333333333333333,
        "O. Demb\u00e9l\u00e9": 0.6666666666666666,
        "S. Mandanda": 0.41666666666666663,
        "O. Giroud": 0.6666666666666666,
        "B. Mendy": 0.5833333333333333,
        "N. Fekir": 0.5,
        "K. Mbapp\u00e9": 0.3333333333333333
    },
    "out_degree_centrality": {
        "S. N'Zonzi": 0.8333333333333333,
        "R. Varane": 0.6666666666666666,
        "D. Sidib\u00e9": 0.9166666666666666,
        "P. Kimpembe": 0.8333333333333333,
        "L. Hern\u00e1ndez": 0.41666666666666663,
        "T. Lemar": 0.8333333333333333,
        "N. Kant\u00e9": 1.0,
        "O. Demb\u00e9l\u00e9": 0.5833333333333333,
        "S. Mandanda": 0.41666666666666663,
        "O. Giroud": 0.5,
        "B. Mendy": 0.5,
        "N. Fekir": 0.5833333333333333,
        "K. Mbapp\u00e9": 0.41666666666666663
    },
    "closeness_centrality": {
        "S. N'Zonzi": 0.8571428571428571,
        "R. Varane": 0.8,
        "D. Sidib\u00e9": 0.8571428571428571,
        "P. Kimpembe": 0.8571428571428571,
        "L. Hern\u00e1ndez": 0.6666666666666666,
        "T. Lemar": 0.8,
        "N. Kant\u00e9": 0.8571428571428571,
        "O. Demb\u00e9l\u00e9": 0.75,
        "S. Mandanda": 0.631578947368421,
        "O. Giroud": 0.75,
        "B. Mendy": 0.7058823529411765,
        "N. Fekir": 0.6666666666666666,
        "K. Mbapp\u00e9": 0.6
    },
    "betweenness_centrality": {
        "S. N'Zonzi": 0.04679834054834055,
        "R. Varane": 0.02803932178932179,
        "D. Sidib\u00e9": 0.07003066378066378,
        "P. Kimpembe": 0.0608044733044733,
        "L. Hern\u00e1ndez": 0.00468975468975469,
        "T. Lemar": 0.045842352092352094,
        "N. Kant\u00e9": 0.08303571428571428,
        "O. Demb\u00e9l\u00e9": 0.018885281385281387,
        "S. Mandanda": 0.0053030303030303025,
        "O. Giroud": 0.02046356421356421,
        "B. Mendy": 0.009027777777777779,
        "N. Fekir": 0.011931818181818182,
        "K. Mbapp\u00e9": 0.004238816738816739
    },
    "pagerank": {
        "S. N'Zonzi": 0.09677469852913673,
        "R. Varane": 0.11326807285250896,
        "D. Sidib\u00e9": 0.1424560031115062,
        "P. Kimpembe": 0.1109529027608774,
        "L. Hern\u00e1ndez": 0.06336983652034302,
        "T. Lemar": 0.09223237260264285,
        "N. Kant\u00e9": 0.12123527110566426,
        "O. Demb\u00e9l\u00e9": 0.07179480506158256,
        "S. Mandanda": 0.031769008492711685,
        "O. Giroud": 0.03172083065951256,
        "B. Mendy": 0.05811078196752734,
        "N. Fekir": 0.034047475180995435,
        "K. Mbapp\u00e9": 0.03226794115499104
    },
    "edge_connectivity": 4,
    "max-k-core": 11,
    "clustering_coefficient": {
        "S. N'Zonzi": 0.6878453038674033,
        "R. Varane": 0.7635658914728682,
        "D. Sidib\u00e9": 0.64,
        "P. Kimpembe": 0.6408839779005525,
        "L. Hern\u00e1ndez": 0.84,
        "T. Lemar": 0.6975308641975309,
        "N. Kant\u00e9": 0.6380090497737556,
        "O. Demb\u00e9l\u00e9": 0.7727272727272727,
        "S. Mandanda": 0.9024390243902439,
        "O. Giroud": 0.7034883720930233,
        "B. Mendy": 0.8513513513513513,
        "N. Fekir": 0.7972972972972973,
        "K. Mbapp\u00e9": 0.8382352941176471
    },
    "avarage_clustering_coefficient": 0.7517979768606882,
    "max clique number": 12,
    "triangles for node": {
        "S. N'Zonzi": 43,
        "R. Varane": 37,
        "D. Sidib\u00e9": 43,
        "P. Kimpembe": 40,
        "L. Hern\u00e1ndez": 13,
        "T. Lemar": 36,
        "N. Kant\u00e9": 48,
        "O. Demb\u00e9l\u00e9": 29,
        "S. Mandanda": 14,
        "O. Giroud": 26,
        "B. Mendy": 31,
        "N. Fekir": 32,
        "K. Mbapp\u00e9": 19
    },
    "number_of_triangles": 411,
    "transitivity": 0.7965116279069767
}