{
    "match_id": "2058014",
    "label_match": "France - Belgium, 1 - 0",
    "info": "DiGraph named 'France' with 13 nodes and 80 edges",
    "density": 0.5128205128205128,
    "degree": {
        "A. Griezmann": 18,
        "R. Varane": 15,
        "B. Pavard": 14,
        "K. Mbapp\u00e9": 15,
        "S. Umtiti": 14,
        "L. Hern\u00e1ndez": 13,
        "P. Pogba": 16,
        "N. Kant\u00e9": 19,
        "H. Lloris": 5,
        "O. Giroud": 12,
        "B. Matuidi": 14,
        "S. N'Zonzi": 2,
        "C. Tolisso": 3
    },
    "avarage_degree": 12.307692307692308,
    "in_degree": {
        "A. Griezmann": 9,
        "R. Varane": 7,
        "B. Pavard": 6,
        "K. Mbapp\u00e9": 7,
        "S. Umtiti": 6,
        "L. Hern\u00e1ndez": 8,
        "P. Pogba": 9,
        "N. Kant\u00e9": 10,
        "H. Lloris": 2,
        "O. Giroud": 6,
        "B. Matuidi": 7,
        "S. N'Zonzi": 1,
        "C. Tolisso": 2
    },
    "out_degree": {
        "A. Griezmann": 9,
        "R. Varane": 8,
        "B. Pavard": 8,
        "K. Mbapp\u00e9": 8,
        "S. Umtiti": 8,
        "L. Hern\u00e1ndez": 5,
        "P. Pogba": 7,
        "N. Kant\u00e9": 9,
        "H. Lloris": 3,
        "O. Giroud": 6,
        "B. Matuidi": 7,
        "S. N'Zonzi": 1,
        "C. Tolisso": 1
    },
    "degree_centrality": {
        "A. Griezmann": 1.5,
        "R. Varane": 1.25,
        "B. Pavard": 1.1666666666666665,
        "K. Mbapp\u00e9": 1.25,
        "S. Umtiti": 1.1666666666666665,
        "L. Hern\u00e1ndez": 1.0833333333333333,
        "P. Pogba": 1.3333333333333333,
        "N. Kant\u00e9": 1.5833333333333333,
        "H. Lloris": 0.41666666666666663,
        "O. Giroud": 1.0,
        "B. Matuidi": 1.1666666666666665,
        "S. N'Zonzi": 0.16666666666666666,
        "C. Tolisso": 0.25
    },
    "avarage_degree_centrality": 1.0256410256410255,
    "in_degree_centrality": {
        "A. Griezmann": 0.75,
        "R. Varane": 0.5833333333333333,
        "B. Pavard": 0.5,
        "K. Mbapp\u00e9": 0.5833333333333333,
        "S. Umtiti": 0.5,
        "L. Hern\u00e1ndez": 0.6666666666666666,
        "P. Pogba": 0.75,
        "N. Kant\u00e9": 0.8333333333333333,
        "H. Lloris": 0.16666666666666666,
        "O. Giroud": 0.5,
        "B. Matuidi": 0.5833333333333333,
        "S. N'Zonzi": 0.08333333333333333,
        "C. Tolisso": 0.16666666666666666
    },
    "out_degree_centrality": {
        "A. Griezmann": 0.75,
        "R. Varane": 0.6666666666666666,
        "B. Pavard": 0.6666666666666666,
        "K. Mbapp\u00e9": 0.6666666666666666,
        "S. Umtiti": 0.6666666666666666,
        "L. Hern\u00e1ndez": 0.41666666666666663,
        "P. Pogba": 0.5833333333333333,
        "N. Kant\u00e9": 0.75,
        "H. Lloris": 0.25,
        "O. Giroud": 0.5,
        "B. Matuidi": 0.5833333333333333,
        "S. N'Zonzi": 0.08333333333333333,
        "C. Tolisso": 0.08333333333333333
    },
    "closeness_centrality": {
        "A. Griezmann": 0.8,
        "R. Varane": 0.6666666666666666,
        "B. Pavard": 0.631578947368421,
        "K. Mbapp\u00e9": 0.6666666666666666,
        "S. Umtiti": 0.6666666666666666,
        "L. Hern\u00e1ndez": 0.7058823529411765,
        "P. Pogba": 0.8,
        "N. Kant\u00e9": 0.8571428571428571,
        "H. Lloris": 0.48,
        "O. Giroud": 0.6,
        "B. Matuidi": 0.7058823529411765,
        "S. N'Zonzi": 0.48,
        "C. Tolisso": 0.5217391304347826
    },
    "betweenness_centrality": {
        "A. Griezmann": 0.12232443482443482,
        "R. Varane": 0.06285473785473784,
        "B. Pavard": 0.017971380471380475,
        "K. Mbapp\u00e9": 0.04181096681096681,
        "S. Umtiti": 0.06640211640211639,
        "L. Hern\u00e1ndez": 0.09207551707551706,
        "P. Pogba": 0.11014309764309763,
        "N. Kant\u00e9": 0.10624699374699374,
        "H. Lloris": 0.0015151515151515154,
        "O. Giroud": 0.022871572871572873,
        "B. Matuidi": 0.02245069745069745,
        "S. N'Zonzi": 0.0,
        "C. Tolisso": 0.0
    },
    "pagerank": {
        "A. Griezmann": 0.0939706393395865,
        "R. Varane": 0.1000200627221215,
        "B. Pavard": 0.13273396050892194,
        "K. Mbapp\u00e9": 0.09982253881465336,
        "S. Umtiti": 0.08555563689520947,
        "L. Hern\u00e1ndez": 0.08777475409344541,
        "P. Pogba": 0.11696654082175734,
        "N. Kant\u00e9": 0.12585807767658327,
        "H. Lloris": 0.025927375220586288,
        "O. Giroud": 0.04008626123671624,
        "B. Matuidi": 0.057802626204925406,
        "S. N'Zonzi": 0.015011279068589019,
        "C. Tolisso": 0.018470247396904352
    },
    "edge_connectivity": 1,
    "max-k-core": 11,
    "clustering_coefficient": {
        "A. Griezmann": 0.6551724137931034,
        "R. Varane": 0.6530612244897959,
        "B. Pavard": 0.8,
        "K. Mbapp\u00e9": 0.725,
        "S. Umtiti": 0.6954022988505747,
        "L. Hern\u00e1ndez": 0.7094594594594594,
        "P. Pogba": 0.7017543859649122,
        "N. Kant\u00e9": 0.6226993865030674,
        "H. Lloris": 0.6666666666666666,
        "O. Giroud": 0.6984126984126984,
        "B. Matuidi": 0.7647058823529411,
        "S. N'Zonzi": 1.0,
        "C. Tolisso": 0.8333333333333334
    },
    "avarage_clustering_coefficient": 0.732743673063581,
    "max clique number": 8,
    "triangles for node": {
        "A. Griezmann": 34,
        "R. Varane": 22,
        "B. Pavard": 26,
        "K. Mbapp\u00e9": 35,
        "S. Umtiti": 36,
        "L. Hern\u00e1ndez": 28,
        "P. Pogba": 34,
        "N. Kant\u00e9": 38,
        "H. Lloris": 5,
        "O. Giroud": 29,
        "B. Matuidi": 27,
        "S. N'Zonzi": 1,
        "C. Tolisso": 3
    },
    "number_of_triangles": 318,
    "transitivity": 0.7930174563591023
}