{
    "match_id": "2057968",
    "label_match": "France - Peru, 1 - 0",
    "info": "DiGraph named 'France' with 13 nodes and 85 edges",
    "density": 0.5448717948717948,
    "degree": {
        "A. Griezmann": 17,
        "R. Varane": 18,
        "S. Umtiti": 14,
        "K. Mbapp\u00e9": 14,
        "B. Pavard": 13,
        "N. Kant\u00e9": 18,
        "L. Hern\u00e1ndez": 12,
        "P. Pogba": 18,
        "B. Matuidi": 14,
        "O. Giroud": 14,
        "H. Lloris": 7,
        "O. Demb\u00e9l\u00e9": 7,
        "N. Fekir": 4
    },
    "avarage_degree": 13.076923076923077,
    "in_degree": {
        "A. Griezmann": 9,
        "R. Varane": 8,
        "S. Umtiti": 7,
        "K. Mbapp\u00e9": 7,
        "B. Pavard": 6,
        "N. Kant\u00e9": 10,
        "L. Hern\u00e1ndez": 7,
        "P. Pogba": 9,
        "B. Matuidi": 6,
        "O. Giroud": 7,
        "H. Lloris": 3,
        "O. Demb\u00e9l\u00e9": 3,
        "N. Fekir": 3
    },
    "out_degree": {
        "A. Griezmann": 8,
        "R. Varane": 10,
        "S. Umtiti": 7,
        "K. Mbapp\u00e9": 7,
        "B. Pavard": 7,
        "N. Kant\u00e9": 8,
        "L. Hern\u00e1ndez": 5,
        "P. Pogba": 9,
        "B. Matuidi": 8,
        "O. Giroud": 7,
        "H. Lloris": 4,
        "O. Demb\u00e9l\u00e9": 4,
        "N. Fekir": 1
    },
    "degree_centrality": {
        "A. Griezmann": 1.4166666666666665,
        "R. Varane": 1.5,
        "S. Umtiti": 1.1666666666666665,
        "K. Mbapp\u00e9": 1.1666666666666665,
        "B. Pavard": 1.0833333333333333,
        "N. Kant\u00e9": 1.5,
        "L. Hern\u00e1ndez": 1.0,
        "P. Pogba": 1.5,
        "B. Matuidi": 1.1666666666666665,
        "O. Giroud": 1.1666666666666665,
        "H. Lloris": 0.5833333333333333,
        "O. Demb\u00e9l\u00e9": 0.5833333333333333,
        "N. Fekir": 0.3333333333333333
    },
    "avarage_degree_centrality": 1.0897435897435896,
    "in_degree_centrality": {
        "A. Griezmann": 0.75,
        "R. Varane": 0.6666666666666666,
        "S. Umtiti": 0.5833333333333333,
        "K. Mbapp\u00e9": 0.5833333333333333,
        "B. Pavard": 0.5,
        "N. Kant\u00e9": 0.8333333333333333,
        "L. Hern\u00e1ndez": 0.5833333333333333,
        "P. Pogba": 0.75,
        "B. Matuidi": 0.5,
        "O. Giroud": 0.5833333333333333,
        "H. Lloris": 0.25,
        "O. Demb\u00e9l\u00e9": 0.25,
        "N. Fekir": 0.25
    },
    "out_degree_centrality": {
        "A. Griezmann": 0.6666666666666666,
        "R. Varane": 0.8333333333333333,
        "S. Umtiti": 0.5833333333333333,
        "K. Mbapp\u00e9": 0.5833333333333333,
        "B. Pavard": 0.5833333333333333,
        "N. Kant\u00e9": 0.6666666666666666,
        "L. Hern\u00e1ndez": 0.41666666666666663,
        "P. Pogba": 0.75,
        "B. Matuidi": 0.6666666666666666,
        "O. Giroud": 0.5833333333333333,
        "H. Lloris": 0.3333333333333333,
        "O. Demb\u00e9l\u00e9": 0.3333333333333333,
        "N. Fekir": 0.08333333333333333
    },
    "closeness_centrality": {
        "A. Griezmann": 0.75,
        "R. Varane": 0.7058823529411765,
        "S. Umtiti": 0.6666666666666666,
        "K. Mbapp\u00e9": 0.6666666666666666,
        "B. Pavard": 0.6666666666666666,
        "N. Kant\u00e9": 0.8571428571428571,
        "L. Hern\u00e1ndez": 0.6666666666666666,
        "P. Pogba": 0.75,
        "B. Matuidi": 0.631578947368421,
        "O. Giroud": 0.7058823529411765,
        "H. Lloris": 0.5454545454545454,
        "O. Demb\u00e9l\u00e9": 0.5454545454545454,
        "N. Fekir": 0.5217391304347826
    },
    "betweenness_centrality": {
        "A. Griezmann": 0.040340909090909094,
        "R. Varane": 0.09457070707070707,
        "S. Umtiti": 0.04128787878787878,
        "K. Mbapp\u00e9": 0.014141414141414142,
        "B. Pavard": 0.06332070707070707,
        "N. Kant\u00e9": 0.0952020202020202,
        "L. Hern\u00e1ndez": 0.006691919191919192,
        "P. Pogba": 0.03977272727272727,
        "B. Matuidi": 0.044760101010101014,
        "O. Giroud": 0.07171717171717172,
        "H. Lloris": 0.0031565656565656565,
        "O. Demb\u00e9l\u00e9": 0.09393939393939395,
        "N. Fekir": 0.01231060606060606
    },
    "pagerank": {
        "A. Griezmann": 0.08417339860038443,
        "R. Varane": 0.08160402553572332,
        "S. Umtiti": 0.05602256122693795,
        "K. Mbapp\u00e9": 0.08997042023369355,
        "B. Pavard": 0.12201301520473062,
        "N. Kant\u00e9": 0.12024796614143721,
        "L. Hern\u00e1ndez": 0.0622588843569379,
        "P. Pogba": 0.13412317202370283,
        "B. Matuidi": 0.08692530125524105,
        "O. Giroud": 0.0487534618629255,
        "H. Lloris": 0.032305676327244646,
        "O. Demb\u00e9l\u00e9": 0.05045659789748778,
        "N. Fekir": 0.031145519333553237
    },
    "edge_connectivity": 1,
    "max-k-core": 11,
    "clustering_coefficient": {
        "A. Griezmann": 0.7109375,
        "R. Varane": 0.6,
        "S. Umtiti": 0.7176470588235294,
        "K. Mbapp\u00e9": 0.7857142857142857,
        "B. Pavard": 0.6164383561643836,
        "N. Kant\u00e9": 0.6275862068965518,
        "L. Hern\u00e1ndez": 0.8688524590163934,
        "P. Pogba": 0.7083333333333334,
        "B. Matuidi": 0.6941176470588235,
        "O. Giroud": 0.6162790697674418,
        "H. Lloris": 0.8947368421052632,
        "O. Demb\u00e9l\u00e9": 0.42105263157894735,
        "N. Fekir": 0.4
    },
    "avarage_clustering_coefficient": 0.6662842608045348,
    "max clique number": 17,
    "triangles for node": {
        "A. Griezmann": 26,
        "R. Varane": 29,
        "S. Umtiti": 21,
        "K. Mbapp\u00e9": 17,
        "B. Pavard": 18,
        "N. Kant\u00e9": 28,
        "L. Hern\u00e1ndez": 18,
        "P. Pogba": 28,
        "B. Matuidi": 18,
        "O. Giroud": 20,
        "H. Lloris": 9,
        "O. Demb\u00e9l\u00e9": 6,
        "N. Fekir": 2
    },
    "number_of_triangles": 240,
    "transitivity": 0.69164265129683
}