{
    "match_id": "2057966",
    "label_match": "France - Australia, 2 - 1",
    "info": "DiGraph named 'France' with 12 nodes and 68 edges",
    "density": 0.5151515151515151,
    "degree": {
        "C. Tolisso": 17,
        "B. Pavard": 11,
        "R. Varane": 15,
        "H. Lloris": 8,
        "S. Umtiti": 15,
        "N. Kant\u00e9": 14,
        "L. Hern\u00e1ndez": 16,
        "O. Demb\u00e9l\u00e9": 10,
        "K. Mbapp\u00e9": 14,
        "N. Fekir": 5,
        "B. Matuidi": 7,
        "O. Giroud": 4
    },
    "avarage_degree": 11.333333333333334,
    "in_degree": {
        "C. Tolisso": 9,
        "B. Pavard": 6,
        "R. Varane": 8,
        "H. Lloris": 4,
        "S. Umtiti": 7,
        "N. Kant\u00e9": 7,
        "L. Hern\u00e1ndez": 7,
        "O. Demb\u00e9l\u00e9": 5,
        "K. Mbapp\u00e9": 6,
        "N. Fekir": 3,
        "B. Matuidi": 4,
        "O. Giroud": 2
    },
    "out_degree": {
        "C. Tolisso": 8,
        "B. Pavard": 5,
        "R. Varane": 7,
        "H. Lloris": 4,
        "S. Umtiti": 8,
        "N. Kant\u00e9": 7,
        "L. Hern\u00e1ndez": 9,
        "O. Demb\u00e9l\u00e9": 5,
        "K. Mbapp\u00e9": 8,
        "N. Fekir": 2,
        "B. Matuidi": 3,
        "O. Giroud": 2
    },
    "degree_centrality": {
        "C. Tolisso": 1.5454545454545454,
        "B. Pavard": 1.0,
        "R. Varane": 1.3636363636363638,
        "H. Lloris": 0.7272727272727273,
        "S. Umtiti": 1.3636363636363638,
        "N. Kant\u00e9": 1.2727272727272727,
        "L. Hern\u00e1ndez": 1.4545454545454546,
        "O. Demb\u00e9l\u00e9": 0.9090909090909092,
        "K. Mbapp\u00e9": 1.2727272727272727,
        "N. Fekir": 0.4545454545454546,
        "B. Matuidi": 0.6363636363636364,
        "O. Giroud": 0.36363636363636365
    },
    "avarage_degree_centrality": 1.0303030303030303,
    "in_degree_centrality": {
        "C. Tolisso": 0.8181818181818182,
        "B. Pavard": 0.5454545454545454,
        "R. Varane": 0.7272727272727273,
        "H. Lloris": 0.36363636363636365,
        "S. Umtiti": 0.6363636363636364,
        "N. Kant\u00e9": 0.6363636363636364,
        "L. Hern\u00e1ndez": 0.6363636363636364,
        "O. Demb\u00e9l\u00e9": 0.4545454545454546,
        "K. Mbapp\u00e9": 0.5454545454545454,
        "N. Fekir": 0.2727272727272727,
        "B. Matuidi": 0.36363636363636365,
        "O. Giroud": 0.18181818181818182
    },
    "out_degree_centrality": {
        "C. Tolisso": 0.7272727272727273,
        "B. Pavard": 0.4545454545454546,
        "R. Varane": 0.6363636363636364,
        "H. Lloris": 0.36363636363636365,
        "S. Umtiti": 0.7272727272727273,
        "N. Kant\u00e9": 0.6363636363636364,
        "L. Hern\u00e1ndez": 0.8181818181818182,
        "O. Demb\u00e9l\u00e9": 0.4545454545454546,
        "K. Mbapp\u00e9": 0.7272727272727273,
        "N. Fekir": 0.18181818181818182,
        "B. Matuidi": 0.2727272727272727,
        "O. Giroud": 0.18181818181818182
    },
    "closeness_centrality": {
        "C. Tolisso": 0.8461538461538461,
        "B. Pavard": 0.6875,
        "R. Varane": 0.7857142857142857,
        "H. Lloris": 0.6111111111111112,
        "S. Umtiti": 0.7333333333333333,
        "N. Kant\u00e9": 0.7333333333333333,
        "L. Hern\u00e1ndez": 0.7333333333333333,
        "O. Demb\u00e9l\u00e9": 0.6470588235294118,
        "K. Mbapp\u00e9": 0.6875,
        "N. Fekir": 0.5789473684210527,
        "B. Matuidi": 0.5789473684210527,
        "O. Giroud": 0.5
    },
    "betweenness_centrality": {
        "C. Tolisso": 0.1256926406926407,
        "B. Pavard": 0.04054112554112554,
        "R. Varane": 0.07507575757575757,
        "H. Lloris": 0.006590909090909092,
        "S. Umtiti": 0.09819264069264068,
        "N. Kant\u00e9": 0.04978354978354979,
        "L. Hern\u00e1ndez": 0.1181926406926407,
        "O. Demb\u00e9l\u00e9": 0.010692640692640691,
        "K. Mbapp\u00e9": 0.08303030303030302,
        "N. Fekir": 0.0,
        "B. Matuidi": 0.0012987012987012985,
        "O. Giroud": 0.0
    },
    "pagerank": {
        "C. Tolisso": 0.14366918247785387,
        "B. Pavard": 0.15516436752835716,
        "R. Varane": 0.12486206166720995,
        "H. Lloris": 0.04610280834712438,
        "S. Umtiti": 0.11875627569444157,
        "N. Kant\u00e9": 0.12416759446034685,
        "L. Hern\u00e1ndez": 0.08960774287837658,
        "O. Demb\u00e9l\u00e9": 0.051440705484401994,
        "K. Mbapp\u00e9": 0.06477620236833051,
        "N. Fekir": 0.024724244206804795,
        "B. Matuidi": 0.038453940077397275,
        "O. Giroud": 0.0182748748093549
    },
    "edge_connectivity": 2,
    "max-k-core": 9,
    "clustering_coefficient": {
        "C. Tolisso": 0.5703125,
        "B. Pavard": 0.6078431372549019,
        "R. Varane": 0.5555555555555556,
        "H. Lloris": 0.72,
        "S. Umtiti": 0.5959595959595959,
        "N. Kant\u00e9": 0.6941176470588235,
        "L. Hern\u00e1ndez": 0.5221238938053098,
        "O. Demb\u00e9l\u00e9": 0.8214285714285714,
        "K. Mbapp\u00e9": 0.5581395348837209,
        "N. Fekir": 0.8333333333333334,
        "B. Matuidi": 0.8421052631578947,
        "O. Giroud": 1.0
    },
    "avarage_clustering_coefficient": 0.6934099193698089,
    "max clique number": 11,
    "triangles for node": {
        "C. Tolisso": 25,
        "B. Pavard": 14,
        "R. Varane": 22,
        "H. Lloris": 8,
        "S. Umtiti": 23,
        "N. Kant\u00e9": 22,
        "L. Hern\u00e1ndez": 23,
        "O. Demb\u00e9l\u00e9": 18,
        "K. Mbapp\u00e9": 20,
        "N. Fekir": 5,
        "B. Matuidi": 9,
        "O. Giroud": 3
    },
    "number_of_triangles": 192,
    "transitivity": 0.6881720430107527
}